timestamp_event,timestamp_recv,best_bid,best_ask,mid
2026-01-04T23:52:46.284663977Z,2026-01-04T23:52:47.368429+00:00,91394.96,91394.97,91394.96
2026-01-04T23:52:45.659891Z,2026-01-04T23:52:47.372580+00:00,91394.96,91394.97,91394.96
2026-01-04T23:52:45.709312Z,2026-01-04T23:52:47.372651+00:00,91394.96,91394.97,91394.96
2026-01-04T23:52:45.770184Z,2026-01-04T23:52:47.373505+00:00,91393.67,91393.68,91393.67
2026-01-04T23:52:45.803382Z,2026-01-04T23:52:47.373551+00:00,91393.67,91393.68,91393.67
2026-01-04T23:52:45.864135Z,2026-01-04T23:52:47.373781+00:00,91393.66,91393.67,91393.67
2026-01-04T23:52:45.905635Z,2026-01-04T23:52:47.373821+00:00,91393.66,91393.67,91393.67
2026-01-04T23:52:45.952097Z,2026-01-04T23:52:47.373846+00:00,91393.66,91393.67,91393.67
2026-01-04T23:52:46.003603Z,2026-01-04T23:52:47.374204+00:00,91395.49,91396.00,91395.74
2026-01-04T23:52:46.04844Z,2026-01-04T23:52:47.374442+00:00,91395.50,91396.73,91396.11
2026-01-04T23:52:46.116007Z,2026-01-04T23:52:47.374524+00:00,91395.50,91396.73,91396.11
2026-01-04T23:52:46.15593Z,2026-01-04T23:52:47.374645+00:00,91396.04,91396.73,91396.38
2026-01-04T23:52:46.198307Z,2026-01-04T23:52:47.374778+00:00,91396.72,91396.73,91396.73
2026-01-04T23:52:46.242098Z,2026-01-04T23:52:47.374902+00:00,91396.72,91396.73,91396.73
2026-01-04T23:52:46.307594Z,2026-01-04T23:52:47.375004+00:00,91396.72,91396.73,91396.73
2026-01-04T23:52:46.348169Z,2026-01-04T23:52:47.375048+00:00,91396.72,91396.73,91396.73
2026-01-04T23:52:46.373093Z,2026-01-04T23:52:47.375071+00:00,91396.72,91396.73,91396.73
2026-01-04T23:52:46.470999Z,2026-01-04T23:52:47.375112+00:00,91396.72,91396.73,91396.73
2026-01-04T23:52:46.520329Z,2026-01-04T23:52:47.375130+00:00,91396.72,91396.73,91396.73
2026-01-04T23:52:46.607412Z,2026-01-04T23:52:47.375172+00:00,91396.72,91396.73,91396.73
2026-01-04T23:52:46.66964Z,2026-01-04T23:52:47.375198+00:00,91396.72,91396.73,91396.73
2026-01-04T23:52:46.713327Z,2026-01-04T23:52:47.375210+00:00,91396.72,91396.73,91396.73
2026-01-04T23:52:46.763914Z,2026-01-04T23:52:47.375228+00:00,91396.72,91396.73,91396.73
2026-01-04T23:52:46.799023Z,2026-01-04T23:52:47.375246+00:00,91396.72,91396.73,91396.73
2026-01-04T23:52:46.853458Z,2026-01-04T23:52:47.375262+00:00,91396.72,91396.73,91396.73
2026-01-04T23:52:46.920056Z,2026-01-04T23:52:47.375274+00:00,91396.72,91396.73,91396.73
2026-01-04T23:52:46.976353Z,2026-01-04T23:52:47.375287+00:00,91396.72,91396.73,91396.73
2026-01-04T23:52:47.024046Z,2026-01-04T23:52:47.375306+00:00,91396.72,91396.73,91396.73
2026-01-04T23:52:47.038761Z,2026-01-04T23:52:47.375322+00:00,91396.72,91396.73,91396.73
2026-01-04T23:52:47.112154Z,2026-01-04T23:52:47.375333+00:00,91396.72,91396.73,91396.73
2026-01-04T23:52:47.151528Z,2026-01-04T23:52:47.375369+00:00,91396.72,91396.73,91396.73
2026-01-04T23:52:47.214375Z,2026-01-04T23:52:47.375386+00:00,91396.72,91396.73,91396.73
2026-01-04T23:52:47.227031Z,2026-01-04T23:52:47.375399+00:00,91396.72,91396.73,91396.73
2026-01-04T23:52:47.315967Z,2026-01-04T23:52:47.375412+00:00,91396.72,91396.73,91396.73
2026-01-04T23:52:47.362006Z,2026-01-04T23:52:47.375470+00:00,91396.72,91396.73,91396.73
2026-01-04T23:52:47.383522Z,2026-01-04T23:52:47.375486+00:00,91396.72,91396.73,91396.73
2026-01-04T23:52:47.455016Z,2026-01-04T23:52:47.419178+00:00,91396.72,91396.73,91396.73
2026-01-04T23:52:47.500372Z,2026-01-04T23:52:47.469205+00:00,91396.72,91396.73,91396.73
2026-01-04T23:52:47.567828Z,2026-01-04T23:52:47.514641+00:00,91396.72,91396.73,91396.73
2026-01-04T23:52:47.609208Z,2026-01-04T23:52:47.568708+00:00,91396.72,91396.73,91396.73
2026-01-04T23:52:47.668304Z,2026-01-04T23:52:47.622412+00:00,91396.72,91396.73,91396.73
2026-01-04T23:52:47.715656Z,2026-01-04T23:52:47.724241+00:00,91396.72,91396.73,91396.73
2026-01-04T23:52:47.752902Z,2026-01-04T23:52:47.724899+00:00,91396.72,91396.73,91396.73
2026-01-04T23:52:47.79878Z,2026-01-04T23:52:47.770294+00:00,91388.00,91388.01,91388.01
2026-01-04T23:52:47.868862Z,2026-01-04T23:52:47.896325+00:00,91388.00,91388.01,91388.01
2026-01-04T23:52:47.911814Z,2026-01-04T23:52:47.896800+00:00,91388.00,91388.01,91388.01
2026-01-04T23:52:47.957664Z,2026-01-04T23:52:47.918244+00:00,91388.00,91388.01,91388.01
2026-01-04T23:52:48.013701Z,2026-01-04T23:52:47.968466+00:00,91388.00,91388.01,91388.01
2026-01-04T23:52:48.065757Z,2026-01-04T23:52:48.020588+00:00,91388.00,91388.01,91388.01
2026-01-04T23:52:48.125747Z,2026-01-04T23:52:48.064839+00:00,91388.00,91388.01,91388.01
2026-01-04T23:52:48.172521Z,2026-01-04T23:52:48.116863+00:00,91388.00,91388.01,91388.01
2026-01-04T23:52:48.203705Z,2026-01-04T23:52:48.166844+00:00,91388.00,91388.01,91388.01
2026-01-04T23:52:48.264074Z,2026-01-04T23:52:48.215167+00:00,91388.00,91388.01,91388.01
2026-01-04T23:52:48.310151Z,2026-01-04T23:52:48.263955+00:00,91388.00,91388.01,91388.01
2026-01-04T23:52:48.363507Z,2026-01-04T23:52:48.317764+00:00,91388.00,91388.01,91388.01
2026-01-04T23:52:48.410988Z,2026-01-04T23:52:48.419991+00:00,91388.00,91388.01,91388.01
2026-01-04T23:52:48.478519Z,2026-01-04T23:52:48.420123+00:00,91388.00,91388.01,91388.01
2026-01-04T23:52:48.498233Z,2026-01-04T23:52:48.468085+00:00,91388.00,91388.01,91388.01
2026-01-04T23:52:48.572681Z,2026-01-04T23:52:48.520444+00:00,91388.00,91388.01,91388.01
2026-01-04T23:52:48.606902Z,2026-01-04T23:52:48.567374+00:00,91388.00,91388.01,91388.01
2026-01-04T23:52:48.672499Z,2026-01-04T23:52:48.614911+00:00,91388.00,91388.01,91388.01
2026-01-04T23:52:48.717834Z,2026-01-04T23:52:48.667297+00:00,91388.00,91388.01,91388.01
2026-01-04T23:52:48.766214Z,2026-01-04T23:52:48.718280+00:00,91388.00,91388.01,91388.01
2026-01-04T23:52:48.819615Z,2026-01-04T23:52:48.768475+00:00,91388.00,91388.01,91388.01
2026-01-04T23:52:48.847513Z,2026-01-04T23:52:48.817257+00:00,91388.00,91388.01,91388.01
2026-01-04T23:52:48.915046Z,2026-01-04T23:52:48.944221+00:00,91388.00,91388.01,91388.01
2026-01-04T23:52:48.969365Z,2026-01-04T23:52:48.945077+00:00,91391.83,91391.84,91391.83
2026-01-04T23:52:48.997096Z,2026-01-04T23:52:48.968466+00:00,91391.83,91391.84,91391.83
2026-01-04T23:52:49.038617Z,2026-01-04T23:52:49.014594+00:00,91391.83,91391.84,91391.83
2026-01-04T23:52:49.112404Z,2026-01-04T23:52:49.068364+00:00,91391.83,91391.84,91391.83
2026-01-04T23:52:49.153444Z,2026-01-04T23:52:49.117751+00:00,91391.83,91391.84,91391.83
2026-01-04T23:52:49.21865Z,2026-01-04T23:52:49.164626+00:00,91391.83,91391.84,91391.83
2026-01-04T23:52:49.229256Z,2026-01-04T23:52:49.216700+00:00,91391.83,91391.84,91391.83
2026-01-04T23:52:49.314439Z,2026-01-04T23:52:49.267326+00:00,91391.83,91391.84,91391.83
2026-01-04T23:52:49.397243Z,2026-01-04T23:52:49.367506+00:00,91391.83,91391.84,91391.83
2026-01-04T23:52:49.500362Z,2026-01-04T23:52:49.469081+00:00,91391.83,91391.84,91391.83
2026-01-04T23:52:49.556595Z,2026-01-04T23:52:49.518764+00:00,91391.83,91391.84,91391.83
2026-01-04T23:52:49.58686Z,2026-01-04T23:52:49.566720+00:00,91391.83,91391.84,91391.83
2026-01-04T23:52:49.651165Z,2026-01-04T23:52:49.622763+00:00,91391.83,91391.84,91391.83
2026-01-04T23:52:49.717842Z,2026-01-04T23:52:49.664168+00:00,91391.83,91391.84,91391.83
2026-01-04T23:52:49.757285Z,2026-01-04T23:52:49.721561+00:00,91391.83,91391.84,91391.83
2026-01-04T23:52:49.798817Z,2026-01-04T23:52:49.772182+00:00,91391.83,91391.84,91391.83
2026-01-04T23:52:49.921169Z,2026-01-04T23:52:49.866182+00:00,91391.83,91391.84,91391.83
2026-01-04T23:52:50.006903Z,2026-01-04T23:52:49.991944+00:00,91391.83,91391.84,91391.83
2026-01-04T23:52:50.066005Z,2026-01-04T23:52:50.017703+00:00,91391.83,91391.84,91391.83
2026-01-04T23:52:50.249733Z,2026-01-04T23:52:50.215930+00:00,91391.83,91391.84,91391.83
2026-01-04T23:52:50.297684Z,2026-01-04T23:52:50.269427+00:00,91391.83,91391.84,91391.83
2026-01-04T23:52:50.317343Z,2026-01-04T23:52:50.315155+00:00,91391.83,91391.84,91391.83
2026-01-04T23:52:50.397995Z,2026-01-04T23:52:50.367110+00:00,91391.83,91391.84,91391.83
2026-01-04T23:52:50.446953Z,2026-01-04T23:52:50.417382+00:00,91391.83,91391.84,91391.83
2026-01-04T23:52:50.492558Z,2026-01-04T23:52:50.517849+00:00,91391.83,91391.84,91391.83
2026-01-04T23:52:50.549666Z,2026-01-04T23:52:50.518021+00:00,91391.83,91391.84,91391.83
2026-01-04T23:52:50.602863Z,2026-01-04T23:52:50.569441+00:00,91391.83,91391.84,91391.83
2026-01-04T23:52:50.651831Z,2026-01-04T23:52:50.619133+00:00,91391.83,91391.84,91391.83
2026-01-04T23:52:50.707319Z,2026-01-04T23:52:50.672365+00:00,91391.83,91391.84,91391.83
2026-01-04T23:52:50.770562Z,2026-01-04T23:52:50.720597+00:00,91391.83,91391.84,91391.83
2026-01-04T23:52:50.808463Z,2026-01-04T23:52:50.773453+00:00,91391.83,91391.84,91391.83
2026-01-04T23:52:50.83124Z,2026-01-04T23:52:50.822449+00:00,91391.83,91391.84,91391.83
2026-01-04T23:52:50.895608Z,2026-01-04T23:52:50.869526+00:00,91391.83,91391.84,91391.83
2026-01-04T23:52:50.943068Z,2026-01-04T23:52:50.919274+00:00,91391.83,91391.84,91391.83
2026-01-04T23:52:51.003478Z,2026-01-04T23:52:51.044207+00:00,91391.83,91391.84,91391.83
2026-01-04T23:52:51.051984Z,2026-01-04T23:52:51.044530+00:00,91391.83,91391.84,91391.83
2026-01-04T23:52:51.110936Z,2026-01-04T23:52:51.069101+00:00,91391.83,91391.84,91391.83
2026-01-04T23:52:51.173296Z,2026-01-04T23:52:51.127719+00:00,91391.83,91391.84,91391.83
2026-01-04T23:52:51.188924Z,2026-01-04T23:52:51.167267+00:00,91391.83,91391.84,91391.83
2026-01-04T23:52:51.229896Z,2026-01-04T23:52:51.216618+00:00,91391.83,91391.84,91391.83
2026-01-04T23:52:51.37233Z,2026-01-04T23:52:51.318872+00:00,91391.83,91391.84,91391.83
2026-01-04T23:52:51.407813Z,2026-01-04T23:52:51.380148+00:00,91391.83,91391.84,91391.83
2026-01-04T23:52:51.568432Z,2026-01-04T23:52:51.765276+00:00,91391.83,91391.84,91391.83
2026-01-04T23:52:51.59801Z,2026-01-04T23:52:51.765779+00:00,91391.83,91391.84,91391.83
2026-01-04T23:52:51.657517Z,2026-01-04T23:52:51.766116+00:00,91391.83,91391.84,91391.83
2026-01-04T23:52:51.71541Z,2026-01-04T23:52:51.766223+00:00,91391.83,91391.84,91391.83
2026-01-04T23:52:51.760199Z,2026-01-04T23:52:51.766402+00:00,91391.83,91391.84,91391.83
2026-01-04T23:52:51.784719Z,2026-01-04T23:52:51.787852+00:00,91391.83,91391.84,91391.83
2026-01-04T23:52:51.843413Z,2026-01-04T23:52:51.838694+00:00,91391.83,91391.84,91391.83
2026-01-04T23:52:51.877424Z,2026-01-04T23:52:51.889687+00:00,91391.83,91391.84,91391.83
2026-01-04T23:52:51.971586Z,2026-01-04T23:52:51.932958+00:00,91391.83,91391.84,91391.83
2026-01-04T23:52:51.99467Z,2026-01-04T23:52:51.973840+00:00,91391.83,91391.84,91391.83
2026-01-04T23:52:52.260685Z,2026-01-04T23:52:52.751548+00:00,91391.83,91391.84,91391.83
2026-01-04T23:52:52.288914Z,2026-01-04T23:52:52.752005+00:00,91391.83,91391.84,91391.83
2026-01-04T23:52:52.35678Z,2026-01-04T23:52:52.752086+00:00,91391.83,91391.84,91391.83
2026-01-04T23:52:52.407408Z,2026-01-04T23:52:52.752148+00:00,91391.83,91391.84,91391.83
2026-01-04T23:52:52.419572Z,2026-01-04T23:52:52.752192+00:00,91391.83,91391.84,91391.83
2026-01-04T23:52:52.575259Z,2026-01-04T23:52:52.752224+00:00,91391.83,91391.84,91391.83
2026-01-04T23:52:52.600845Z,2026-01-04T23:52:52.752295+00:00,91391.83,91391.84,91391.83
2026-01-04T23:52:52.641311Z,2026-01-04T23:52:52.754033+00:00,91391.83,91391.84,91391.83
2026-01-04T23:52:52.688948Z,2026-01-04T23:52:52.754154+00:00,91391.83,91391.84,91391.83
2026-01-04T23:52:52.764263Z,2026-01-04T23:52:52.754201+00:00,91391.83,91391.84,91391.83
2026-01-04T23:52:52.816385Z,2026-01-04T23:52:52.764717+00:00,91391.83,91391.84,91391.83
2026-01-04T23:52:52.917263Z,2026-01-04T23:52:53.527824+00:00,91391.83,91391.84,91391.83
2026-01-04T23:52:52.97534Z,2026-01-04T23:52:53.529231+00:00,91391.83,91391.84,91391.83
2026-01-04T23:52:53.00001Z,2026-01-04T23:52:53.529315+00:00,91391.83,91391.84,91391.83
2026-01-04T23:52:53.035771Z,2026-01-04T23:52:53.530427+00:00,91391.83,91391.84,91391.83
2026-01-04T23:52:53.101911Z,2026-01-04T23:52:53.530451+00:00,91391.83,91391.84,91391.83
2026-01-04T23:52:53.171683Z,2026-01-04T23:52:53.530468+00:00,91391.83,91391.84,91391.83
2026-01-04T23:52:53.269223Z,2026-01-04T23:52:53.533482+00:00,91391.83,91391.84,91391.83
2026-01-04T23:52:53.296119Z,2026-01-04T23:52:53.533589+00:00,91391.83,91391.84,91391.83
2026-01-04T23:52:53.338531Z,2026-01-04T23:52:53.534003+00:00,91391.83,91391.84,91391.83
2026-01-04T23:52:53.463927Z,2026-01-04T23:52:53.534211+00:00,91391.83,91391.84,91391.83
2026-01-04T23:52:53.562521Z,2026-01-04T23:52:53.534270+00:00,91391.83,91391.84,91391.83
2026-01-04T23:52:53.77394Z,2026-01-04T23:52:53.724055+00:00,91391.83,91391.84,91391.83
2026-01-04T23:52:53.841215Z,2026-01-04T23:52:53.829767+00:00,91391.83,91391.84,91391.83
2026-01-04T23:52:53.922723Z,2026-01-04T23:52:53.873297+00:00,91391.83,91391.84,91391.83
2026-01-04T23:52:54.050646Z,2026-01-04T23:52:54.027845+00:00,91391.83,91391.84,91391.83
2026-01-04T23:52:54.096739Z,2026-01-04T23:52:54.075140+00:00,91391.83,91391.84,91391.83
2026-01-04T23:52:54.174546Z,2026-01-04T23:52:54.437319+00:00,91391.83,91391.84,91391.83
2026-01-04T23:52:54.21302Z,2026-01-04T23:52:54.437452+00:00,91391.83,91391.84,91391.83
2026-01-04T23:52:54.289252Z,2026-01-04T23:52:54.437488+00:00,91391.83,91391.84,91391.83
2026-01-04T23:52:54.391563Z,2026-01-04T23:52:54.437571+00:00,91391.83,91391.84,91391.83
2026-01-04T23:52:54.462488Z,2026-01-04T23:52:54.437664+00:00,91391.83,91391.84,91391.83
2026-01-04T23:52:54.507335Z,2026-01-04T23:52:54.544232+00:00,91391.83,91391.84,91391.83
2026-01-04T23:52:54.552715Z,2026-01-04T23:52:54.544425+00:00,91391.83,91391.84,91391.83
2026-01-04T23:52:54.612107Z,2026-01-04T23:52:54.589475+00:00,91391.83,91391.84,91391.83
2026-01-04T23:52:54.649156Z,2026-01-04T23:52:54.614341+00:00,91391.83,91391.84,91391.83
2026-01-04T23:52:54.721985Z,2026-01-04T23:52:54.713989+00:00,91391.83,91391.84,91391.83
2026-01-04T23:52:54.773588Z,2026-01-04T23:52:54.718987+00:00,91391.83,91391.84,91391.83
2026-01-04T23:52:54.926478Z,2026-01-04T23:52:54.868998+00:00,91391.83,91391.84,91391.83
2026-01-04T23:52:55.051493Z,2026-01-04T23:52:55.018831+00:00,91391.83,91391.84,91391.83
2026-01-04T23:52:55.116401Z,2026-01-04T23:52:55.065823+00:00,91391.83,91391.84,91391.83
2026-01-04T23:52:55.15856Z,2026-01-04T23:52:55.115877+00:00,91391.83,91391.84,91391.83
2026-01-04T23:52:55.205936Z,2026-01-04T23:52:55.238979+00:00,91391.83,91391.84,91391.83
2026-01-04T23:52:55.270624Z,2026-01-04T23:52:55.239309+00:00,91391.83,91391.84,91391.83
2026-01-04T23:52:55.366079Z,2026-01-04T23:52:55.319273+00:00,91391.83,91391.84,91391.83
2026-01-04T23:52:55.401985Z,2026-01-04T23:52:55.367365+00:00,91391.83,91391.84,91391.83
2026-01-04T23:52:55.471439Z,2026-01-04T23:52:55.420172+00:00,91391.83,91391.84,91391.83
2026-01-04T23:52:55.51494Z,2026-01-04T23:52:55.470270+00:00,91391.83,91391.84,91391.83
2026-01-04T23:52:55.564857Z,2026-01-04T23:52:55.528269+00:00,91388.02,91390.46,91389.24
2026-01-04T23:52:55.616103Z,2026-01-04T23:52:55.571829+00:00,91388.08,91390.43,91389.26
2026-01-04T23:52:55.67533Z,2026-01-04T23:52:55.620289+00:00,91388.16,91390.39,91389.27
2026-01-04T23:52:55.707306Z,2026-01-04T23:52:55.671532+00:00,91388.18,91388.19,91388.18
2026-01-04T23:52:55.764421Z,2026-01-04T23:52:55.761111+00:00,91388.18,91388.19,91388.18
2026-01-04T23:52:55.829861Z,2026-01-04T23:52:55.771455+00:00,91388.26,91389.76,91389.01
2026-01-04T23:52:55.851639Z,2026-01-04T23:52:55.825864+00:00,91388.29,91389.71,91389.00
2026-01-04T23:52:55.918218Z,2026-01-04T23:52:55.874918+00:00,91388.36,91389.70,91389.03
2026-01-04T23:52:55.980854Z,2026-01-04T23:52:55.918205+00:00,91388.52,91389.70,91389.11
2026-01-04T23:52:56.001467Z,2026-01-04T23:52:55.967998+00:00,91388.58,91389.70,91389.14
2026-01-04T23:52:56.034963Z,2026-01-04T23:52:56.016402+00:00,91388.61,91389.70,91389.15
2026-01-04T23:52:56.121272Z,2026-01-04T23:52:56.070050+00:00,91388.61,91391.99,91390.30
2026-01-04T23:52:56.16261Z,2026-01-04T23:52:56.120956+00:00,91388.62,91391.99,91390.30
2026-01-04T23:52:56.225473Z,2026-01-04T23:52:56.172607+00:00,91388.66,91391.99,91390.33
2026-01-04T23:52:56.31236Z,2026-01-04T23:52:56.286209+00:00,91388.67,91391.99,91390.33
2026-01-04T23:52:56.344879Z,2026-01-04T23:52:56.319624+00:00,91388.69,91391.99,91390.34
2026-01-04T23:52:56.420362Z,2026-01-04T23:52:56.368217+00:00,91388.71,91391.99,91390.35
2026-01-04T23:52:56.45045Z,2026-01-04T23:52:56.418914+00:00,91388.71,91391.99,91390.35
2026-01-04T23:52:56.538519Z,2026-01-04T23:52:56.516201+00:00,91388.71,91391.99,91390.35
2026-01-04T23:52:56.719378Z,2026-01-04T23:52:57.343364+00:00,91388.72,91391.99,91390.36
2026-01-04T23:52:56.770399Z,2026-01-04T23:52:57.346502+00:00,91388.80,91391.99,91390.40
2026-01-04T23:52:56.824504Z,2026-01-04T23:52:57.352453+00:00,91390.01,91391.99,91391.00
2026-01-04T23:52:56.85389Z,2026-01-04T23:52:57.352629+00:00,91390.01,91390.24,91390.12
2026-01-04T23:52:56.91323Z,2026-01-04T23:52:57.354332+00:00,91390.01,91390.24,91390.12
2026-01-04T23:52:56.972746Z,2026-01-04T23:52:57.358897+00:00,91390.01,91390.24,91390.12
2026-01-04T23:52:57.004837Z,2026-01-04T23:52:57.359080+00:00,91390.01,91390.24,91390.12
2026-01-04T23:52:57.07012Z,2026-01-04T23:52:57.359216+00:00,91390.01,91390.24,91390.12
2026-01-04T23:52:57.129501Z,2026-01-04T23:52:57.359299+00:00,91390.01,91390.24,91390.12
2026-01-04T23:52:57.165905Z,2026-01-04T23:52:57.359700+00:00,91390.01,91390.24,91390.12
2026-01-04T23:52:57.267693Z,2026-01-04T23:52:57.359836+00:00,91390.01,91390.24,91390.12
2026-01-04T23:52:57.310383Z,2026-01-04T23:52:57.359895+00:00,91390.01,91390.24,91390.12
2026-01-04T23:52:57.327895Z,2026-01-04T23:52:57.362677+00:00,91390.01,91390.23,91390.12
2026-01-04T23:52:57.40403Z,2026-01-04T23:52:57.382354+00:00,91390.01,91390.23,91390.12
2026-01-04T23:52:57.423007Z,2026-01-04T23:52:57.430527+00:00,91390.01,91390.23,91390.12
2026-01-04T23:52:57.57706Z,2026-01-04T23:52:57.536857+00:00,91390.01,91390.23,91390.12
2026-01-04T23:52:57.620132Z,2026-01-04T23:52:57.570863+00:00,91390.01,91390.02,91390.01
2026-01-04T23:52:57.673336Z,2026-01-04T23:52:57.617801+00:00,91390.01,91390.02,91390.01
2026-01-04T23:52:57.722547Z,2026-01-04T23:52:57.682652+00:00,91390.01,91390.02,91390.01
2026-01-04T23:52:57.781563Z,2026-01-04T23:52:57.718844+00:00,91390.01,91390.02,91390.01
2026-01-04T23:52:57.815559Z,2026-01-04T23:52:57.768366+00:00,91390.01,91390.02,91390.01
2026-01-04T23:52:57.863256Z,2026-01-04T23:52:57.858635+00:00,91390.01,91390.02,91390.01
2026-01-04T23:52:57.959386Z,2026-01-04T23:52:57.918387+00:00,91390.00,91390.01,91390.01
2026-01-04T23:52:57.982286Z,2026-01-04T23:52:57.965448+00:00,91390.00,91390.01,91390.01
2026-01-04T23:52:58.045281Z,2026-01-04T23:52:58.018078+00:00,91390.00,91390.01,91390.01
2026-01-04T23:52:58.104445Z,2026-01-04T23:52:58.069740+00:00,91388.75,91388.76,91388.76
2026-01-04T23:52:58.153812Z,2026-01-04T23:52:58.119166+00:00,91388.75,91388.76,91388.76
2026-01-04T23:52:58.19439Z,2026-01-04T23:52:58.173473+00:00,91388.75,91388.76,91388.76
2026-01-04T23:52:58.238585Z,2026-01-04T23:52:58.221313+00:00,91388.75,91388.76,91388.76
2026-01-04T23:52:58.3081Z,2026-01-04T23:52:58.271785+00:00,91388.75,91388.76,91388.76
2026-01-04T23:52:58.347533Z,2026-01-04T23:52:58.383717+00:00,91388.75,91388.76,91388.76
2026-01-04T23:52:58.417295Z,2026-01-04T23:52:58.384288+00:00,91388.75,91388.76,91388.76
2026-01-04T23:52:58.45146Z,2026-01-04T23:52:58.424588+00:00,91388.75,91388.76,91388.76
2026-01-04T23:52:58.488116Z,2026-01-04T23:52:58.469218+00:00,91388.75,91388.76,91388.76
2026-01-04T23:52:58.541386Z,2026-01-04T23:52:58.518356+00:00,91388.75,91388.76,91388.76
2026-01-04T23:52:58.595737Z,2026-01-04T23:52:58.569143+00:00,91388.75,91388.76,91388.76
2026-01-04T23:52:58.657087Z,2026-01-04T23:52:58.619139+00:00,91388.75,91388.76,91388.76
2026-01-04T23:52:58.722512Z,2026-01-04T23:52:58.667903+00:00,91388.75,91388.76,91388.76
2026-01-04T23:52:58.769939Z,2026-01-04T23:52:58.719948+00:00,91388.75,91388.76,91388.76
2026-01-04T23:52:58.805357Z,2026-01-04T23:52:58.770136+00:00,91388.75,91388.76,91388.76
2026-01-04T23:52:58.888816Z,2026-01-04T23:52:58.907818+00:00,91388.75,91388.76,91388.76
2026-01-04T23:52:59.003591Z,2026-01-04T23:52:58.973318+00:00,91388.75,91388.76,91388.76
2026-01-04T23:52:59.045475Z,2026-01-04T23:52:59.019844+00:00,91388.75,91388.76,91388.76
2026-01-04T23:52:59.109376Z,2026-01-04T23:52:59.070421+00:00,91388.75,91388.76,91388.76
2026-01-04T23:52:59.168202Z,2026-01-04T23:52:59.116431+00:00,91388.75,91388.76,91388.76
2026-01-04T23:52:59.218971Z,2026-01-04T23:52:59.172212+00:00,91388.75,91388.76,91388.76
2026-01-04T23:52:59.257959Z,2026-01-04T23:52:59.223028+00:00,91388.75,91388.76,91388.76
2026-01-04T23:52:59.315706Z,2026-01-04T23:52:59.270713+00:00,91388.75,91388.76,91388.76
2026-01-04T23:52:59.351357Z,2026-01-04T23:52:59.318123+00:00,91388.75,91388.76,91388.76
2026-01-04T23:52:59.402732Z,2026-01-04T23:52:59.432079+00:00,91388.75,91388.76,91388.76
2026-01-04T23:52:59.464917Z,2026-01-04T23:52:59.432489+00:00,91388.75,91388.76,91388.76
2026-01-04T23:52:59.518233Z,2026-01-04T23:52:59.469542+00:00,91388.75,91388.76,91388.76
2026-01-04T23:52:59.556754Z,2026-01-04T23:52:59.522808+00:00,91388.00,91388.01,91388.01
2026-01-04T23:52:59.615333Z,2026-01-04T23:52:59.570215+00:00,91388.00,91388.01,91388.01
2026-01-04T23:52:59.660843Z,2026-01-04T23:52:59.619772+00:00,91388.00,91388.01,91388.01
2026-01-04T23:52:59.717325Z,2026-01-04T23:52:59.670850+00:00,91388.00,91388.01,91388.01
2026-01-04T23:52:59.766542Z,2026-01-04T23:52:59.716817+00:00,91388.00,91388.01,91388.01
2026-01-04T23:52:59.801729Z,2026-01-04T23:52:59.768446+00:00,91388.00,91388.01,91388.01
2026-01-04T23:52:59.862718Z,2026-01-04T23:52:59.815423+00:00,91388.00,91388.01,91388.01
2026-01-04T23:52:59.885582Z,2026-01-04T23:52:59.865826+00:00,91388.00,91388.01,91388.01
2026-01-04T23:53:00.047377Z,2026-01-04T23:53:00.019159+00:00,91388.00,91388.01,91388.01
2026-01-04T23:53:00.10571Z,2026-01-04T23:53:00.069660+00:00,91388.00,91388.01,91388.01
2026-01-04T23:53:00.167585Z,2026-01-04T23:53:00.120905+00:00,91388.00,91388.01,91388.01
2026-01-04T23:53:00.210629Z,2026-01-04T23:53:00.172704+00:00,91388.00,91388.01,91388.01
2026-01-04T23:53:00.268389Z,2026-01-04T23:53:00.224015+00:00,91388.00,91388.01,91388.01
2026-01-04T23:53:00.309234Z,2026-01-04T23:53:00.270706+00:00,91388.00,91388.01,91388.01
2026-01-04T23:53:00.364191Z,2026-01-04T23:53:00.320794+00:00,91388.00,91388.01,91388.01
2026-01-04T23:53:00.399752Z,2026-01-04T23:53:00.370584+00:00,91388.00,91388.01,91388.01
2026-01-04T23:53:00.447701Z,2026-01-04T23:53:00.481118+00:00,91388.00,91388.01,91388.01
2026-01-04T23:53:00.517116Z,2026-01-04T23:53:00.481587+00:00,91388.00,91388.01,91388.01
2026-01-04T23:53:00.554889Z,2026-01-04T23:53:00.514893+00:00,91388.00,91388.01,91388.01
2026-01-04T23:53:00.614851Z,2026-01-04T23:53:00.569531+00:00,91388.00,91388.01,91388.01
2026-01-04T23:53:00.7147Z,2026-01-04T23:53:00.667005+00:00,91388.00,91388.01,91388.01
2026-01-04T23:53:00.769197Z,2026-01-04T23:53:00.719686+00:00,91388.00,91388.01,91388.01
2026-01-04T23:53:00.804024Z,2026-01-04T23:53:00.769597+00:00,91388.00,91388.01,91388.01
2026-01-04T23:53:00.867728Z,2026-01-04T23:53:00.818524+00:00,91388.00,91388.01,91388.01
2026-01-04T23:53:00.919042Z,2026-01-04T23:53:00.865694+00:00,91388.00,91388.01,91388.01
2026-01-04T23:53:00.962708Z,2026-01-04T23:53:00.918001+00:00,91388.00,91388.01,91388.01
2026-01-04T23:53:00.996214Z,2026-01-04T23:53:01.005132+00:00,91388.00,91388.01,91388.01
2026-01-04T23:53:01.05472Z,2026-01-04T23:53:01.025863+00:00,91380.01,91380.02,91380.01
2026-01-04T23:53:01.095176Z,2026-01-04T23:53:01.069349+00:00,91380.01,91380.02,91380.01
2026-01-04T23:53:01.161941Z,2026-01-04T23:53:01.121717+00:00,91380.01,91380.02,91380.01
2026-01-04T23:53:01.198214Z,2026-01-04T23:53:01.167804+00:00,91380.01,91380.02,91380.01
2026-01-04T23:53:01.241532Z,2026-01-04T23:53:01.221823+00:00,91380.01,91380.02,91380.01
2026-01-04T23:53:01.293668Z,2026-01-04T23:53:01.271405+00:00,91380.01,91380.02,91380.01
2026-01-04T23:53:01.343679Z,2026-01-04T23:53:01.323406+00:00,91380.01,91380.02,91380.01
2026-01-04T23:53:01.408941Z,2026-01-04T23:53:01.373812+00:00,91380.01,91380.02,91380.01
2026-01-04T23:53:01.460208Z,2026-01-04T23:53:01.419976+00:00,91380.01,91380.02,91380.01
2026-01-04T23:53:01.50105Z,2026-01-04T23:53:01.531458+00:00,91380.01,91380.02,91380.01
2026-01-04T23:53:01.550847Z,2026-01-04T23:53:01.531986+00:00,91380.01,91380.02,91380.01
2026-01-04T23:53:01.612925Z,2026-01-04T23:53:01.576623+00:00,91380.01,91380.02,91380.01
2026-01-04T23:53:01.651691Z,2026-01-04T23:53:01.625814+00:00,91380.01,91380.02,91380.01
2026-01-04T23:53:01.716592Z,2026-01-04T23:53:01.672238+00:00,91380.01,91380.02,91380.01
2026-01-04T23:53:01.735648Z,2026-01-04T23:53:01.714517+00:00,91380.01,91380.02,91380.01
2026-01-04T23:53:01.790658Z,2026-01-04T23:53:01.769660+00:00,91380.01,91380.02,91380.01
2026-01-04T23:53:01.842459Z,2026-01-04T23:53:01.831040+00:00,91373.57,91373.58,91373.58
2026-01-04T23:53:01.911329Z,2026-01-04T23:53:01.873305+00:00,91373.57,91373.58,91373.58
2026-01-04T23:53:01.951869Z,2026-01-04T23:53:01.924400+00:00,91376.01,91377.77,91376.89
2026-01-04T23:53:02.015786Z,2026-01-04T23:53:02.052758+00:00,91376.01,91377.99,91377.00
2026-01-04T23:53:02.056915Z,2026-01-04T23:53:02.053009+00:00,91376.01,91376.02,91376.01
2026-01-04T23:53:02.099982Z,2026-01-04T23:53:02.068896+00:00,91376.01,91376.02,91376.01
2026-01-04T23:53:02.173688Z,2026-01-04T23:53:02.119967+00:00,91376.01,91376.02,91376.01
2026-01-04T23:53:02.204394Z,2026-01-04T23:53:02.170366+00:00,91376.01,91376.02,91376.01
2026-01-04T23:53:02.242526Z,2026-01-04T23:53:02.219174+00:00,91376.01,91376.02,91376.01
2026-01-04T23:53:02.315034Z,2026-01-04T23:53:02.264968+00:00,91376.01,91376.02,91376.01
2026-01-04T23:53:02.358226Z,2026-01-04T23:53:02.318469+00:00,91376.01,91376.02,91376.01
2026-01-04T23:53:02.40729Z,2026-01-04T23:53:02.370429+00:00,91376.01,91376.02,91376.01
2026-01-04T23:53:02.467719Z,2026-01-04T23:53:02.417470+00:00,91376.01,91376.02,91376.01
2026-01-04T23:53:02.517868Z,2026-01-04T23:53:02.471424+00:00,91376.01,91376.02,91376.01
2026-01-04T23:53:02.546843Z,2026-01-04T23:53:02.577929+00:00,91376.01,91376.02,91376.01
2026-01-04T23:53:02.607916Z,2026-01-04T23:53:02.578716+00:00,91376.01,91380.00,91378.01
2026-01-04T23:53:02.634517Z,2026-01-04T23:53:02.621040+00:00,91376.02,91380.00,91378.01
2026-01-04T23:53:02.724251Z,2026-01-04T23:53:02.668721+00:00,91376.02,91380.00,91378.01
2026-01-04T23:53:02.774858Z,2026-01-04T23:53:02.719287+00:00,91376.03,91376.04,91376.04
2026-01-04T23:53:02.809601Z,2026-01-04T23:53:02.766915+00:00,91376.03,91376.04,91376.04
2026-01-04T23:53:02.86372Z,2026-01-04T23:53:02.819958+00:00,91376.03,91376.04,91376.04
2026-01-04T23:53:02.908334Z,2026-01-04T23:53:02.870623+00:00,91376.03,91376.04,91376.04
2026-01-04T23:53:02.957902Z,2026-01-04T23:53:02.919376+00:00,91376.03,91376.04,91376.04
2026-01-04T23:53:03.001046Z,2026-01-04T23:53:02.969301+00:00,91376.03,91376.04,91376.04
2026-01-04T23:53:03.053232Z,2026-01-04T23:53:03.103509+00:00,91376.03,91376.04,91376.04
2026-01-04T23:53:03.096887Z,2026-01-04T23:53:03.103690+00:00,91376.03,91376.04,91376.04
2026-01-04T23:53:03.15942Z,2026-01-04T23:53:03.118047+00:00,91376.03,91376.04,91376.04
2026-01-04T23:53:03.259774Z,2026-01-04T23:53:03.842363+00:00,91376.03,91376.04,91376.04
2026-01-04T23:53:03.308305Z,2026-01-04T23:53:04.526460+00:00,91376.03,91376.04,91376.04
2026-01-04T23:53:03.317126Z,2026-01-04T23:53:04.526765+00:00,91376.03,91376.04,91376.04
2026-01-04T23:53:03.40657Z,2026-01-04T23:53:04.527187+00:00,91376.03,91376.04,91376.04
2026-01-04T23:53:03.51061Z,2026-01-04T23:53:04.527238+00:00,91376.03,91376.04,91376.04
2026-01-04T23:53:03.564841Z,2026-01-04T23:53:04.527294+00:00,91376.03,91376.04,91376.04
2026-01-04T23:53:03.596142Z,2026-01-04T23:53:04.529021+00:00,91376.03,91376.04,91376.04
2026-01-04T23:53:03.62425Z,2026-01-04T23:53:04.529101+00:00,91376.03,91376.04,91376.04
2026-01-04T23:53:03.710731Z,2026-01-04T23:53:04.529146+00:00,91376.03,91376.04,91376.04
2026-01-04T23:53:03.764138Z,2026-01-04T23:53:04.531374+00:00,91376.03,91376.04,91376.04
2026-01-04T23:53:03.779057Z,2026-01-04T23:53:04.531437+00:00,91376.03,91376.04,91376.04
2026-01-04T23:53:03.845127Z,2026-01-04T23:53:04.531468+00:00,91376.03,91376.04,91376.04
2026-01-04T23:53:03.91698Z,2026-01-04T23:53:04.533699+00:00,91376.03,91376.04,91376.04
2026-01-04T23:53:03.93584Z,2026-01-04T23:53:04.533778+00:00,91376.03,91376.04,91376.04
2026-01-04T23:53:03.985285Z,2026-01-04T23:53:04.533822+00:00,91376.03,91376.04,91376.04
2026-01-04T23:53:04.044121Z,2026-01-04T23:53:04.536736+00:00,91376.03,91376.04,91376.04
2026-01-04T23:53:04.115159Z,2026-01-04T23:53:04.536855+00:00,91376.03,91376.04,91376.04
2026-01-04T23:53:04.12748Z,2026-01-04T23:53:04.536993+00:00,91376.03,91376.04,91376.04
2026-01-04T23:53:04.211933Z,2026-01-04T23:53:04.539429+00:00,91376.03,91376.04,91376.04
2026-01-04T23:53:04.331452Z,2026-01-04T23:53:04.539472+00:00,91376.03,91376.04,91376.04
2026-01-04T23:53:04.412838Z,2026-01-04T23:53:04.539499+00:00,91376.03,91376.04,91376.04
2026-01-04T23:53:04.474031Z,2026-01-04T23:53:04.539534+00:00,91376.03,91376.04,91376.04
2026-01-04T23:53:04.519945Z,2026-01-04T23:53:04.541437+00:00,91376.03,91376.04,91376.04
2026-01-04T23:53:04.559308Z,2026-01-04T23:53:04.541471+00:00,91376.03,91376.04,91376.04
2026-01-04T23:53:04.574707Z,2026-01-04T23:53:04.569824+00:00,91376.03,91376.04,91376.04
2026-01-04T23:53:04.641726Z,2026-01-04T23:53:04.674106+00:00,91376.03,91376.04,91376.04
2026-01-04T23:53:04.77437Z,2026-01-04T23:53:04.714512+00:00,91376.03,91376.04,91376.04
2026-01-04T23:53:04.793501Z,2026-01-04T23:53:04.764314+00:00,91376.03,91376.04,91376.04
